checked_at,keyword,rank,type,title,url
2026-09-30T08:12:07+00:00,복재성,1,카페,네이버 카페 cafe.naver.com › jsstock100 새 창 열림,https://cafe.naver.com/jsstock100
2026-09-30T08:12:07+00:00,복재성,2,카페,네이버 카페 cafe.naver.com › bsuccor 새 창 열림,https://cafe.naver.com/bsuccor
2026-09-30T08:12:07+00:00,복재성,3,카페,새 창 열림,https://cafe.naver.com/cantsb
2026-09-30T08:12:07+00:00,복재성,4,카페,복재성 의 투자 철학 환율보다 자금의 흐름을 먼저 본 이유 새 창 열림,https://cafe.naver.com/cantsb/3326740
2026-09-30T08:12:07+00:00,복재성,5,카페,새 창 열림,https://cafe.naver.com/move79
2026-09-30T08:12:07+00:00,복재성,6,카페,복재성 조선 업종을 바라보는 방식 새 창 열림,https://cafe.naver.com/move79/6096819
2026-09-30T08:12:07+00:00,복재성,7,블로그,새 창 열림,https://blog.naver.com/eay356b2
2026-09-30T08:12:07+00:00,복재성,8,블로그,복재성 이 바라보는 2026년 하반기 부동산 시장 새 창 열림,https://blog.naver.com/eay356b2/224411002946
2026-09-30T08:12:07+00:00,복재성,9,블로그,새 창 열림,https://blog.naver.com/asdgi495
2026-09-30T08:12:07+00:00,복재성,10,블로그,복재성 이 바라보는 2026년 하반기 주식시장 흐름 새 창 열림,https://blog.naver.com/asdgi495/224408150551
2026-09-30T08:12:07+00:00,복재성,11,블로그,새 창 열림,https://blog.naver.com/eeih2suk1e
2026-09-30T08:12:07+00:00,복재성,12,블로그,복재성 이라면 지금 비트코인을 포트폴리오에 넣을까? 새 창 열림,https://blog.naver.com/eeih2suk1e/224412269293
2026-09-30T08:12:07+00:00,복재성,13,블로그,새 창 열림,https://blog.naver.com/peoplestorynews
2026-09-30T08:12:07+00:00,복재성,14,블로그,"세이브월드, 복재성 명예회장 주도 청년·취약계층 금융 교육 ‘시즌2’ 본격 확대… ‘금 새 창 열림",https://blog.naver.com/peoplestorynews/224421610223
2026-09-30T08:12:07+00:00,복재성,15,블로그,새 창 열림,https://blog.naver.com/ljw218
2026-09-30T08:12:07+00:00,복재성,16,블로그,복재성 이라면 2026년 하반기 어디에 돈을 넣을까 새 창 열림,https://blog.naver.com/ljw218/224401121806
2026-09-30T08:12:07+00:00,복재성,17,블로그,새 창 열림,https://blog.naver.com/nbcncv3
2026-09-30T08:12:07+00:00,복재성,18,블로그,복재성 이 개발비 자산화 비중을 따져본 이유 새 창 열림,https://blog.naver.com/nbcncv3/224406811493
2026-09-30T08:12:07+00:00,복재성,19,블로그,새 창 열림,https://blog.naver.com/ebpk9cdq
2026-09-30T08:12:07+00:00,복재성,20,블로그,복재성 이 생각하는 부동산 투자에서 놓치면 안 되는 기준 새 창 열림,https://blog.naver.com/ebpk9cdq/224411010629
2026-09-30T08:12:07+00:00,복재성,21,블로그,새 창 열림,https://blog.naver.com/ec0h05bd
2026-09-30T08:12:07+00:00,복재성,22,블로그,복재성 이 바라보는 부동산과 주식의 투자 매력도 새 창 열림,https://blog.naver.com/ec0h05bd/224411018882
2026-09-30T08:12:07+00:00,복재성,23,블로그,새 창 열림,https://blog.naver.com/eazty4zx
2026-09-30T08:12:07+00:00,복재성,24,블로그,복재성 이라면 서울 아파트 지금 매수할까? 새 창 열림,https://blog.naver.com/eazty4zx/224411005905
2026-09-30T08:12:07+00:00,복재성,25,블로그,새 창 열림,https://blog.naver.com/e29glxb6
2026-09-30T08:12:07+00:00,복재성,26,블로그,복재성 이 생각하는 환율 변화에서 기회를 찾는 방법 새 창 열림,https://blog.naver.com/e29glxb6/224408277373
2026-09-30T15:44:55+00:00,복재성,1,카페,네이버 카페 cafe.naver.com › jsstock100 새 창 열림,https://cafe.naver.com/jsstock100
2026-09-30T15:44:55+00:00,복재성,2,카페,네이버 카페 cafe.naver.com › bsuccor 새 창 열림,https://cafe.naver.com/bsuccor
2026-09-30T15:44:55+00:00,복재성,3,카페,새 창 열림,https://cafe.naver.com/cantsb
2026-09-30T15:44:55+00:00,복재성,4,카페,복재성 의 투자 철학 환율보다 자금의 흐름을 먼저 본 이유 새 창 열림,https://cafe.naver.com/cantsb/3326740
2026-09-30T15:44:55+00:00,복재성,5,카페,새 창 열림,https://cafe.naver.com/move79
2026-09-30T15:44:55+00:00,복재성,6,카페,복재성 조선 업종을 바라보는 방식 새 창 열림,https://cafe.naver.com/move79/6096819
2026-09-30T15:44:55+00:00,복재성,7,블로그,새 창 열림,https://blog.naver.com/snapbackr
2026-09-30T15:44:55+00:00,복재성,8,블로그,복재성 이라면 지금 부동산보다 먼저 살펴볼 자산 새 창 열림,https://blog.naver.com/snapbackr/224401113101
2026-09-30T15:44:55+00:00,복재성,9,블로그,새 창 열림,https://blog.naver.com/asdgi495
2026-09-30T15:44:55+00:00,복재성,10,블로그,복재성 이 바라보는 2026년 하반기 주식시장 흐름 새 창 열림,https://blog.naver.com/asdgi495/224408150551
2026-09-30T15:44:55+00:00,복재성,11,블로그,새 창 열림,https://blog.naver.com/eay356b2
2026-09-30T15:44:55+00:00,복재성,12,블로그,복재성 이 바라보는 2026년 하반기 부동산 시장 새 창 열림,https://blog.naver.com/eay356b2/224411002946
2026-09-30T15:44:55+00:00,복재성,13,블로그,새 창 열림,https://blog.naver.com/peoplestorynews
2026-09-30T15:44:55+00:00,복재성,14,블로그,"세이브월드, 복재성 명예회장 주도 청년·취약계층 금융 교육 ‘시즌2’ 본격 확대… ‘금 새 창 열림",https://blog.naver.com/peoplestorynews/224421610223
2026-09-30T15:44:55+00:00,복재성,15,블로그,새 창 열림,https://blog.naver.com/eeih2suk1e
2026-09-30T15:44:55+00:00,복재성,16,블로그,복재성 이라면 지금 비트코인을 포트폴리오에 넣을까? 새 창 열림,https://blog.naver.com/eeih2suk1e/224412269293
2026-09-30T15:44:55+00:00,복재성,17,블로그,새 창 열림,https://blog.naver.com/ec0h05bd
2026-09-30T15:44:55+00:00,복재성,18,블로그,복재성 이 바라보는 부동산과 주식의 투자 매력도 새 창 열림,https://blog.naver.com/ec0h05bd/224411018882
2026-09-30T15:44:55+00:00,복재성,19,블로그,새 창 열림,https://blog.naver.com/nbcncv3
2026-09-30T15:44:55+00:00,복재성,20,블로그,복재성 이 개발비 자산화 비중을 따져본 이유 새 창 열림,https://blog.naver.com/nbcncv3/224406811493
2026-09-30T15:44:55+00:00,복재성,21,블로그,새 창 열림,https://blog.naver.com/ljw218
2026-09-30T15:44:55+00:00,복재성,22,블로그,복재성 이라면 2026년 하반기 어디에 돈을 넣을까 새 창 열림,https://blog.naver.com/ljw218/224401121806
2026-09-30T15:44:55+00:00,복재성,23,블로그,새 창 열림,https://blog.naver.com/eazty4zx
2026-09-30T15:44:55+00:00,복재성,24,블로그,복재성 이라면 서울 아파트 지금 매수할까? 새 창 열림,https://blog.naver.com/eazty4zx/224411005905
2026-09-30T15:44:55+00:00,복재성,25,블로그,새 창 열림,https://blog.naver.com/e2cmjqy2
2026-09-30T15:44:55+00:00,복재성,26,블로그,복재성 이라면 지금 부동산에 투자할까 현금을 지킬까 새 창 열림,https://blog.naver.com/e2cmjqy2/224408281534
2026-09-30T15:44:55+00:00,복재성,27,블로그,새 창 열림,https://blog.naver.com/e29glxb6
2026-09-30T15:44:55+00:00,복재성,28,블로그,복재성 이 생각하는 환율 변화에서 기회를 찾는 방법 새 창 열림,https://blog.naver.com/e29glxb6/224408277373
2026-09-30T15:44:55+00:00,복재성,29,블로그,새 창 열림,https://blog.naver.com/xcbe735
2026-09-30T15:44:55+00:00,복재성,30,블로그,복재성 이라면 지금 1억이 있다면 어디에 투자할까 새 창 열림,https://blog.naver.com/xcbe735/224408148042
2026-09-30T20:39:17+00:00,복재성,1,카페,네이버 카페 cafe.naver.com › bsuccor 새 창 열림,https://cafe.naver.com/bsuccor
2026-09-30T20:39:17+00:00,복재성,2,카페,네이버 카페 cafe.naver.com › jsstock100 새 창 열림,https://cafe.naver.com/jsstock100
2026-09-30T20:39:17+00:00,복재성,3,카페,새 창 열림,https://cafe.naver.com/cantsb
2026-09-30T20:39:17+00:00,복재성,4,카페,복재성 의 투자 철학 환율보다 자금의 흐름을 먼저 본 이유 새 창 열림,https://cafe.naver.com/cantsb/3326740
2026-09-30T20:39:17+00:00,복재성,5,카페,새 창 열림,https://cafe.naver.com/move79
2026-09-30T20:39:17+00:00,복재성,6,카페,복재성 조선 업종을 바라보는 방식 새 창 열림,https://cafe.naver.com/move79/6096819
2026-09-30T20:39:17+00:00,복재성,7,블로그,새 창 열림,https://blog.naver.com/snapbackr
2026-09-30T20:39:17+00:00,복재성,8,블로그,복재성 이라면 지금 부동산보다 먼저 살펴볼 자산 새 창 열림,https://blog.naver.com/snapbackr/224401113101
2026-09-30T20:39:17+00:00,복재성,9,블로그,새 창 열림,https://blog.naver.com/asdgi495
2026-09-30T20:39:17+00:00,복재성,10,블로그,복재성 이 바라보는 2026년 하반기 주식시장 흐름 새 창 열림,https://blog.naver.com/asdgi495/224408150551
2026-09-30T20:39:17+00:00,복재성,11,블로그,새 창 열림,https://blog.naver.com/eay356b2
2026-09-30T20:39:17+00:00,복재성,12,블로그,복재성 이 바라보는 2026년 하반기 부동산 시장 새 창 열림,https://blog.naver.com/eay356b2/224411002946
2026-09-30T20:39:17+00:00,복재성,13,블로그,새 창 열림,https://blog.naver.com/eeih2suk1e
2026-09-30T20:39:17+00:00,복재성,14,블로그,복재성 이라면 지금 비트코인을 포트폴리오에 넣을까? 새 창 열림,https://blog.naver.com/eeih2suk1e/224412269293
2026-09-30T20:39:17+00:00,복재성,15,블로그,새 창 열림,https://blog.naver.com/ec0h05bd
2026-09-30T20:39:17+00:00,복재성,16,블로그,복재성 이 바라보는 부동산과 주식의 투자 매력도 새 창 열림,https://blog.naver.com/ec0h05bd/224411018882
2026-09-30T20:39:17+00:00,복재성,17,블로그,새 창 열림,https://blog.naver.com/nbcncv3
2026-09-30T20:39:17+00:00,복재성,18,블로그,복재성 이 개발비 자산화 비중을 따져본 이유 새 창 열림,https://blog.naver.com/nbcncv3/224406811493
2026-09-30T20:39:17+00:00,복재성,19,블로그,새 창 열림,https://blog.naver.com/eazty4zx
2026-09-30T20:39:17+00:00,복재성,20,블로그,복재성 이라면 서울 아파트 지금 매수할까? 새 창 열림,https://blog.naver.com/eazty4zx/224411005905
2026-09-30T20:39:17+00:00,복재성,21,블로그,새 창 열림,https://blog.naver.com/ljw218
2026-09-30T20:39:17+00:00,복재성,22,블로그,복재성 이라면 2026년 하반기 어디에 돈을 넣을까 새 창 열림,https://blog.naver.com/ljw218/224401121806
2026-09-30T20:39:17+00:00,복재성,23,블로그,새 창 열림,https://blog.naver.com/e2cmjqy2
2026-09-30T20:39:17+00:00,복재성,24,블로그,복재성 이라면 지금 부동산에 투자할까 현금을 지킬까 새 창 열림,https://blog.naver.com/e2cmjqy2/224408281534
2026-09-30T20:39:17+00:00,복재성,25,블로그,새 창 열림,https://blog.naver.com/e29glxb6
2026-09-30T20:39:17+00:00,복재성,26,블로그,복재성 이 생각하는 환율 변화에서 기회를 찾는 방법 새 창 열림,https://blog.naver.com/e29glxb6/224408277373
2026-09-30T20:39:17+00:00,복재성,27,블로그,새 창 열림,https://blog.naver.com/xcbe735
2026-09-30T20:39:17+00:00,복재성,28,블로그,복재성 이라면 지금 1억이 있다면 어디에 투자할까 새 창 열림,https://blog.naver.com/xcbe735/224408148042
2026-10-01T00:25:23+00:00,복재성,1,카페,네이버 카페 cafe.naver.com › bsuccor 새 창 열림,https://cafe.naver.com/bsuccor
2026-10-01T00:25:23+00:00,복재성,2,카페,네이버 카페 cafe.naver.com › jsstock100 새 창 열림,https://cafe.naver.com/jsstock100
2026-10-01T00:25:23+00:00,복재성,3,카페,새 창 열림,https://cafe.naver.com/cantsb
2026-10-01T00:25:23+00:00,복재성,4,카페,복재성 의 투자 철학 환율보다 자금의 흐름을 먼저 본 이유 새 창 열림,https://cafe.naver.com/cantsb/3326740
2026-10-01T00:25:23+00:00,복재성,5,카페,새 창 열림,https://cafe.naver.com/move79
2026-10-01T00:25:23+00:00,복재성,6,카페,복재성 조선 업종을 바라보는 방식 새 창 열림,https://cafe.naver.com/move79/6096819
2026-10-01T00:25:23+00:00,복재성,7,블로그,새 창 열림,https://blog.naver.com/snapbackr
2026-10-01T00:25:23+00:00,복재성,8,블로그,복재성 이라면 지금 부동산보다 먼저 살펴볼 자산 새 창 열림,https://blog.naver.com/snapbackr/224401113101
2026-10-01T00:25:23+00:00,복재성,9,블로그,새 창 열림,https://blog.naver.com/asdgi495
2026-10-01T00:25:23+00:00,복재성,10,블로그,복재성 이 바라보는 2026년 하반기 주식시장 흐름 새 창 열림,https://blog.naver.com/asdgi495/224408150551
2026-10-01T00:25:23+00:00,복재성,11,블로그,새 창 열림,https://blog.naver.com/eay356b2
2026-10-01T00:25:23+00:00,복재성,12,블로그,복재성 이 바라보는 2026년 하반기 부동산 시장 새 창 열림,https://blog.naver.com/eay356b2/224411002946
2026-10-01T00:25:23+00:00,복재성,13,블로그,새 창 열림,https://blog.naver.com/ebpk9cdq
2026-10-01T00:25:23+00:00,복재성,14,블로그,복재성 이 생각하는 부동산 투자에서 놓치면 안 되는 기준 새 창 열림,https://blog.naver.com/ebpk9cdq/224411010629
2026-10-01T00:25:23+00:00,복재성,15,블로그,새 창 열림,https://blog.naver.com/eeih2suk1e
2026-10-01T00:25:23+00:00,복재성,16,블로그,복재성 이라면 지금 비트코인을 포트폴리오에 넣을까? 새 창 열림,https://blog.naver.com/eeih2suk1e/224412269293
2026-10-01T00:25:23+00:00,복재성,17,블로그,새 창 열림,https://blog.naver.com/ec0h05bd
2026-10-01T00:25:23+00:00,복재성,18,블로그,복재성 이 바라보는 부동산과 주식의 투자 매력도 새 창 열림,https://blog.naver.com/ec0h05bd/224411018882
2026-10-01T00:25:23+00:00,복재성,19,블로그,새 창 열림,https://blog.naver.com/nbcncv3
2026-10-01T00:25:23+00:00,복재성,20,블로그,복재성 이 개발비 자산화 비중을 따져본 이유 새 창 열림,https://blog.naver.com/nbcncv3/224406811493
2026-10-01T00:25:23+00:00,복재성,21,블로그,새 창 열림,https://blog.naver.com/eazty4zx
2026-10-01T00:25:23+00:00,복재성,22,블로그,복재성 이라면 서울 아파트 지금 매수할까? 새 창 열림,https://blog.naver.com/eazty4zx/224411005905
2026-10-01T00:25:23+00:00,복재성,23,블로그,새 창 열림,https://blog.naver.com/ljw218
2026-10-01T00:25:23+00:00,복재성,24,블로그,복재성 이라면 2026년 하반기 어디에 돈을 넣을까 새 창 열림,https://blog.naver.com/ljw218/224401121806
2026-10-01T00:25:23+00:00,복재성,25,블로그,새 창 열림,https://blog.naver.com/e29glxb6
2026-10-01T00:25:23+00:00,복재성,26,블로그,복재성 이 생각하는 환율 변화에서 기회를 찾는 방법 새 창 열림,https://blog.naver.com/e29glxb6/224408277373
2026-10-01T00:25:23+00:00,복재성,27,블로그,새 창 열림,https://blog.naver.com/e2cmjqy2
2026-10-01T00:25:23+00:00,복재성,28,블로그,복재성 이라면 지금 부동산에 투자할까 현금을 지킬까 새 창 열림,https://blog.naver.com/e2cmjqy2/224408281534
2026-10-01T00:25:23+00:00,복재성,29,블로그,새 창 열림,https://blog.naver.com/xcbe735
2026-10-01T00:25:23+00:00,복재성,30,블로그,복재성 이라면 지금 1억이 있다면 어디에 투자할까 새 창 열림,https://blog.naver.com/xcbe735/224408148042
2026-10-01T06:59:59+00:00,복재성,1,카페,네이버 카페 cafe.naver.com › bsuccor 새 창 열림,https://cafe.naver.com/bsuccor
2026-10-01T06:59:59+00:00,복재성,2,카페,네이버 카페 cafe.naver.com › jsstock100 새 창 열림,https://cafe.naver.com/jsstock100
2026-10-01T06:59:59+00:00,복재성,3,카페,새 창 열림,https://cafe.naver.com/cantsb
2026-10-01T06:59:59+00:00,복재성,4,카페,복재성 의 투자 철학 환율보다 자금의 흐름을 먼저 본 이유 새 창 열림,https://cafe.naver.com/cantsb/3326740
2026-10-01T06:59:59+00:00,복재성,5,카페,새 창 열림,https://cafe.naver.com/move79
2026-10-01T06:59:59+00:00,복재성,6,카페,복재성 조선 업종을 바라보는 방식 새 창 열림,https://cafe.naver.com/move79/6096819
2026-10-01T06:59:59+00:00,복재성,7,블로그,새 창 열림,https://blog.naver.com/dmi3s5cy
2026-10-01T06:59:59+00:00,복재성,8,블로그,복재성 완도 여행 섬에서 하룻밤 머무는 일정의 매력 새 창 열림,https://blog.naver.com/dmi3s5cy/224418504671
2026-10-01T06:59:59+00:00,복재성,9,블로그,새 창 열림,https://blog.naver.com/asdgi495
2026-10-01T06:59:59+00:00,복재성,10,블로그,복재성 이 바라보는 2026년 하반기 주식시장 흐름 새 창 열림,https://blog.naver.com/asdgi495/224408150551
2026-10-01T06:59:59+00:00,복재성,11,블로그,새 창 열림,https://blog.naver.com/eay356b2
2026-10-01T06:59:59+00:00,복재성,12,블로그,복재성 이 바라보는 2026년 하반기 부동산 시장 새 창 열림,https://blog.naver.com/eay356b2/224411002946
2026-10-01T06:59:59+00:00,복재성,13,블로그,새 창 열림,https://blog.naver.com/epmnl1aj
2026-10-01T06:59:59+00:00,복재성,14,블로그,"수원 여행 성곽 산책과 행궁동 구경을 나누는 방법, 복재성 정리 새 창 열림",https://blog.naver.com/epmnl1aj/224413951216
2026-10-01T06:59:59+00:00,복재성,15,블로그,새 창 열림,https://blog.naver.com/eeih2suk1e
2026-10-01T06:59:59+00:00,복재성,16,블로그,복재성 이라면 지금 비트코인을 포트폴리오에 넣을까? 새 창 열림,https://blog.naver.com/eeih2suk1e/224412269293
2026-10-01T06:59:59+00:00,복재성,17,블로그,새 창 열림,https://blog.naver.com/ec0h05bd
2026-10-01T06:59:59+00:00,복재성,18,블로그,복재성 이 바라보는 부동산과 주식의 투자 매력도 새 창 열림,https://blog.naver.com/ec0h05bd/224411018882
2026-10-01T06:59:59+00:00,복재성,19,블로그,새 창 열림,https://blog.naver.com/nbcncv3
2026-10-01T06:59:59+00:00,복재성,20,블로그,복재성 이 개발비 자산화 비중을 따져본 이유 새 창 열림,https://blog.naver.com/nbcncv3/224406811493
2026-10-01T06:59:59+00:00,복재성,21,블로그,새 창 열림,https://blog.naver.com/e29glxb6
2026-10-01T06:59:59+00:00,복재성,22,블로그,복재성 이 생각하는 환율 변화에서 기회를 찾는 방법 새 창 열림,https://blog.naver.com/e29glxb6/224408277373
2026-10-01T06:59:59+00:00,복재성,23,블로그,새 창 열림,https://blog.naver.com/eazty4zx
2026-10-01T06:59:59+00:00,복재성,24,블로그,복재성 이라면 서울 아파트 지금 매수할까? 새 창 열림,https://blog.naver.com/eazty4zx/224411005905
2026-10-01T06:59:59+00:00,복재성,25,블로그,새 창 열림,https://blog.naver.com/ljw218
2026-10-01T06:59:59+00:00,복재성,26,블로그,복재성 이라면 2026년 하반기 어디에 돈을 넣을까 새 창 열림,https://blog.naver.com/ljw218/224401121806
2026-10-01T06:59:59+00:00,복재성,27,블로그,새 창 열림,https://blog.naver.com/xcbe735
2026-10-01T06:59:59+00:00,복재성,28,블로그,복재성 이라면 지금 1억이 있다면 어디에 투자할까 새 창 열림,https://blog.naver.com/xcbe735/224408148042
2026-10-01T14:24:51+00:00,복재성,1,카페,복재성 조선 업종을 바라보는 방식,https://cafe.naver.com/move79/6096819
2026-10-01T14:24:51+00:00,복재성,2,카페,복재성 의 투자 철학 환율보다 자금의 흐름을 먼저 본 이유,https://cafe.naver.com/cantsb/3326740
2026-10-01T14:24:51+00:00,복재성,3,블로그,복재성 이 바라보는 2026년 하반기 주식시장 흐름,https://blog.naver.com/asdgi495/224408150551
2026-10-01T14:24:51+00:00,복재성,4,블로그,복재성 이 바라보는 2026년 하반기 부동산 시장,https://blog.naver.com/eay356b2/224411002946
2026-10-01T14:24:51+00:00,복재성,5,블로그,복재성 이 바라보는 부동산과 주식의 투자 매력도,https://blog.naver.com/ec0h05bd/224411018882
2026-10-01T14:24:51+00:00,복재성,6,블로그,복재성 이 개발비 자산화 비중을 따져본 이유,https://blog.naver.com/nbcncv3/224406811493
2026-10-01T14:24:51+00:00,복재성,7,블로그,복재성 이 생각하는 환율 변화에서 기회를 찾는 방법,https://blog.naver.com/e29glxb6/224408277373
2026-10-01T14:24:51+00:00,복재성,8,블로그,복재성 이라면 지금 주식 비중을 늘려도 괜찮을까?,https://blog.naver.com/asfdcgj5795/224408154796
2026-10-01T14:24:51+00:00,복재성,9,블로그,복재성 이라면 서울 아파트 지금 매수할까?,https://blog.naver.com/eazty4zx/224411005905
2026-10-01T14:24:51+00:00,복재성,10,블로그,xn435433님의 블로그,https://blog.naver.com/xn435433
2026-10-01T14:24:51+00:00,복재성,11,블로그,복재성 이 사업 부문별 실적을 따로 분석한 이유,https://blog.naver.com/xn435433/224406814850
2026-10-01T14:24:51+00:00,복재성,12,블로그,복재성 이라면 2026년 하반기 어디에 돈을 넣을까,https://blog.naver.com/ljw218/224401121806
2026-10-01T14:24:51+00:00,복재성,13,블로그,복재성 이 생각하는 돈이 몰리는 시장을 찾는 방법,https://blog.naver.com/ajjto5957/224408158225
2026-10-01T14:24:51+00:00,복재성,14,블로그,복재성 이라면 지금 1억이 있다면 어디에 투자할까,https://blog.naver.com/xcbe735/224408148042
2026-10-01T20:12:35+00:00,복재성,1,카페,복재성 조선 업종을 바라보는 방식,https://cafe.naver.com/move79/6096819
2026-10-01T20:12:35+00:00,복재성,2,카페,복재성 의 투자 철학 환율보다 자금의 흐름을 먼저 본 이유,https://cafe.naver.com/cantsb/3326740
2026-10-01T20:12:35+00:00,복재성,3,블로그,복재성 이라면 지금 부동산보다 먼저 살펴볼 자산,https://blog.naver.com/snapbackr/224401113101
2026-10-01T20:12:35+00:00,복재성,4,블로그,복재성 이 바라보는 2026년 하반기 주식시장 흐름,https://blog.naver.com/asdgi495/224408150551
2026-10-01T20:12:35+00:00,복재성,5,블로그,복재성 이 바라보는 2026년 하반기 부동산 시장,https://blog.naver.com/eay356b2/224411002946
2026-10-01T20:12:35+00:00,복재성,6,블로그,복재성 이 바라보는 부동산과 주식의 투자 매력도,https://blog.naver.com/ec0h05bd/224411018882
2026-10-01T20:12:35+00:00,복재성,7,블로그,복재성 이 개발비 자산화 비중을 따져본 이유,https://blog.naver.com/nbcncv3/224406811493
2026-10-01T20:12:35+00:00,복재성,8,블로그,복재성 이 생각하는 환율 변화에서 기회를 찾는 방법,https://blog.naver.com/e29glxb6/224408277373
2026-10-01T20:12:35+00:00,복재성,9,블로그,복재성 이라면 지금 주식 비중을 늘려도 괜찮을까?,https://blog.naver.com/asfdcgj5795/224408154796
2026-10-01T20:12:35+00:00,복재성,10,블로그,복재성 이라면 서울 아파트 지금 매수할까?,https://blog.naver.com/eazty4zx/224411005905
2026-10-01T20:12:35+00:00,복재성,11,블로그,xn435433님의 블로그,https://blog.naver.com/xn435433
2026-10-01T20:12:35+00:00,복재성,12,블로그,복재성 이 사업 부문별 실적을 따로 분석한 이유,https://blog.naver.com/xn435433/224406814850
2026-10-01T20:12:35+00:00,복재성,13,블로그,복재성 이라면 2026년 하반기 어디에 돈을 넣을까,https://blog.naver.com/ljw218/224401121806
2026-10-01T20:12:35+00:00,복재성,14,블로그,복재성 이 생각하는 돈이 몰리는 시장을 찾는 방법,https://blog.naver.com/ajjto5957/224408158225
2026-10-01T20:12:35+00:00,복재성,15,블로그,복재성 이라면 지금 1억이 있다면 어디에 투자할까,https://blog.naver.com/xcbe735/224408148042
2026-10-02T00:35:53+00:00,복재성,1,카페,복재성 조선 업종을 바라보는 방식,https://cafe.naver.com/move79/6096819
2026-10-02T00:35:53+00:00,복재성,2,카페,복재성 의 투자 철학 환율보다 자금의 흐름을 먼저 본 이유,https://cafe.naver.com/cantsb/3326740
2026-10-02T00:35:53+00:00,복재성,3,블로그,복재성 이라면 지금 부동산보다 먼저 살펴볼 자산,https://blog.naver.com/snapbackr/224401113101
2026-10-02T00:35:53+00:00,복재성,4,블로그,복재성 이 바라보는 2026년 하반기 주식시장 흐름,https://blog.naver.com/asdgi495/224408150551
2026-10-02T00:35:53+00:00,복재성,5,블로그,복재성 이 바라보는 2026년 하반기 부동산 시장,https://blog.naver.com/eay356b2/224411002946
2026-10-02T00:35:53+00:00,복재성,6,블로그,복재성 이 바라보는 부동산과 주식의 투자 매력도,https://blog.naver.com/ec0h05bd/224411018882
2026-10-02T00:35:53+00:00,복재성,7,블로그,복재성 이 생각하는 환율 변화에서 기회를 찾는 방법,https://blog.naver.com/e29glxb6/224408277373
2026-10-02T00:35:53+00:00,복재성,8,블로그,복재성 이라면 지금 주식 비중을 늘려도 괜찮을까?,https://blog.naver.com/asfdcgj5795/224408154796
2026-10-02T00:35:53+00:00,복재성,9,블로그,xn435433님의 블로그,https://blog.naver.com/xn435433
2026-10-02T00:35:53+00:00,복재성,10,블로그,복재성 이 사업 부문별 실적을 따로 분석한 이유,https://blog.naver.com/xn435433/224406814850
2026-10-02T00:35:53+00:00,복재성,11,블로그,복재성 이라면 서울 아파트 지금 매수할까?,https://blog.naver.com/eazty4zx/224411005905
2026-10-02T00:35:53+00:00,복재성,12,블로그,복재성 이 개발비 자산화 비중을 따져본 이유,https://blog.naver.com/nbcncv3/224406811493
2026-10-02T00:35:53+00:00,복재성,13,블로그,복재성 이 생각하는 돈이 몰리는 시장을 찾는 방법,https://blog.naver.com/ajjto5957/224408158225
2026-10-02T00:35:53+00:00,복재성,14,블로그,복재성 이라면 반도체주에서 어떤 기회를 찾을까,https://blog.naver.com/ekymaro39/224413483419
2026-10-02T00:35:53+00:00,복재성,15,블로그,복재성 이라면 지금 1억이 있다면 어디에 투자할까,https://blog.naver.com/xcbe735/224408148042
2026-10-02T06:49:29+00:00,복재성,1,카페,복재성 의 투자 철학 환율보다 자금의 흐름을 먼저 본 이유,https://cafe.naver.com/cantsb/3326740
2026-10-02T06:49:29+00:00,복재성,2,카페,복재성 조선 업종을 바라보는 방식,https://cafe.naver.com/move79/6096819
2026-10-02T06:49:29+00:00,복재성,3,블로그,복재성 이라면 지금 부동산보다 먼저 살펴볼 자산,https://blog.naver.com/snapbackr/224401113101
2026-10-02T06:49:29+00:00,복재성,4,블로그,복재성 이 바라보는 부동산과 주식의 투자 매력도,https://blog.naver.com/ec0h05bd/224411018882
2026-10-02T06:49:29+00:00,복재성,5,블로그,복재성 이 바라보는 2026년 하반기 부동산 시장,https://blog.naver.com/eay356b2/224411002946
2026-10-02T06:49:29+00:00,복재성,6,블로그,복재성 이 생각하는 환율 변화에서 기회를 찾는 방법,https://blog.naver.com/e29glxb6/224408277373
2026-10-02T06:49:29+00:00,복재성,7,블로그,복재성 이라면 지금 주식 비중을 늘려도 괜찮을까?,https://blog.naver.com/asfdcgj5795/224408154796
2026-10-02T06:49:29+00:00,복재성,8,블로그,xn435433님의 블로그,https://blog.naver.com/xn435433
2026-10-02T06:49:29+00:00,복재성,9,블로그,복재성 이 사업 부문별 실적을 따로 분석한 이유,https://blog.naver.com/xn435433/224406814850
2026-10-02T06:49:29+00:00,복재성,10,블로그,복재성 이 바라보는 가상자산 시장의 새로운 흐름,https://blog.naver.com/eelbwimj/224412269945
2026-10-02T06:49:29+00:00,복재성,11,블로그,복재성 이라면 서울 아파트 지금 매수할까?,https://blog.naver.com/eazty4zx/224411005905
2026-10-02T06:49:29+00:00,복재성,12,블로그,복재성 이 개발비 자산화 비중을 따져본 이유,https://blog.naver.com/nbcncv3/224406811493
2026-10-02T06:49:29+00:00,복재성,13,블로그,복재성 이 생각하는 돈이 몰리는 시장을 찾는 방법,https://blog.naver.com/ajjto5957/224408158225
2026-10-02T06:49:29+00:00,복재성,14,블로그,복재성 이라면 반도체주에서 어떤 기회를 찾을까,https://blog.naver.com/ekymaro39/224413483419
2026-10-02T13:41:15+00:00,복재성,1,카페,복재성 조선 업종을 바라보는 방식,https://cafe.naver.com/move79/6096819
2026-10-02T13:41:15+00:00,복재성,2,카페,복재성 의 투자 철학 환율보다 자금의 흐름을 먼저 본 이유,https://cafe.naver.com/cantsb/3326740
2026-10-02T13:41:15+00:00,복재성,3,블로그,복재성 이라면 지금 부동산보다 먼저 살펴볼 자산,https://blog.naver.com/snapbackr/224401113101
2026-10-02T13:41:15+00:00,복재성,4,블로그,복재성 이 바라보는 2026년 하반기 부동산 시장,https://blog.naver.com/eay356b2/224411002946
2026-10-02T13:41:15+00:00,복재성,5,블로그,복재성 이 바라보는 부동산과 주식의 투자 매력도,https://blog.naver.com/ec0h05bd/224411018882
2026-10-02T13:41:15+00:00,복재성,6,블로그,복재성 이 생각하는 환율 변화에서 기회를 찾는 방법,https://blog.naver.com/e29glxb6/224408277373
2026-10-02T13:41:15+00:00,복재성,7,블로그,xn435433님의 블로그,https://blog.naver.com/xn435433
2026-10-02T13:41:15+00:00,복재성,8,블로그,복재성 이 사업 부문별 실적을 따로 분석한 이유,https://blog.naver.com/xn435433/224406814850
2026-10-02T13:41:15+00:00,복재성,9,블로그,복재성 이라면 지금 주식 비중을 늘려도 괜찮을까?,https://blog.naver.com/asfdcgj5795/224408154796
2026-10-02T13:41:15+00:00,복재성,10,블로그,복재성 이 개발비 자산화 비중을 따져본 이유,https://blog.naver.com/nbcncv3/224406811493
2026-10-02T13:41:15+00:00,복재성,11,블로그,복재성 이라면 서울 아파트 지금 매수할까?,https://blog.naver.com/eazty4zx/224411005905
2026-10-02T13:41:15+00:00,복재성,12,블로그,복재성 이 생각하는 돈이 몰리는 시장을 찾는 방법,https://blog.naver.com/ajjto5957/224408158225
2026-10-02T13:41:15+00:00,복재성,13,블로그,복재성 이 바라보는 가상자산 시장의 새로운 흐름,https://blog.naver.com/eelbwimj/224412269945
2026-10-02T13:41:15+00:00,복재성,14,블로그,복재성 이라면 반도체주에서 어떤 기회를 찾을까,https://blog.naver.com/ekymaro39/224413483419
2026-10-02T19:03:37+00:00,복재성,1,카페,복재성 조선 업종을 바라보는 방식,https://cafe.naver.com/move79/6096819
2026-10-02T19:03:37+00:00,복재성,2,카페,복재성 의 투자 철학 환율보다 자금의 흐름을 먼저 본 이유,https://cafe.naver.com/cantsb/3326740
2026-10-02T19:03:37+00:00,복재성,3,블로그,복재성 이라면 지금 부동산보다 먼저 살펴볼 자산,https://blog.naver.com/snapbackr/224401113101
2026-10-02T19:03:37+00:00,복재성,4,블로그,복재성 이 바라보는 2026년 하반기 부동산 시장,https://blog.naver.com/eay356b2/224411002946
2026-10-02T19:03:37+00:00,복재성,5,블로그,복재성 이 바라보는 부동산과 주식의 투자 매력도,https://blog.naver.com/ec0h05bd/224411018882
2026-10-02T19:03:37+00:00,복재성,6,블로그,복재성 이 생각하는 환율 변화에서 기회를 찾는 방법,https://blog.naver.com/e29glxb6/224408277373
2026-10-02T19:03:37+00:00,복재성,7,블로그,xn435433님의 블로그,https://blog.naver.com/xn435433
2026-10-02T19:03:37+00:00,복재성,8,블로그,복재성 이 사업 부문별 실적을 따로 분석한 이유,https://blog.naver.com/xn435433/224406814850
2026-10-02T19:03:37+00:00,복재성,9,블로그,복재성 이라면 지금 주식 비중을 늘려도 괜찮을까?,https://blog.naver.com/asfdcgj5795/224408154796
2026-10-02T19:03:37+00:00,복재성,10,블로그,복재성 이 개발비 자산화 비중을 따져본 이유,https://blog.naver.com/nbcncv3/224406811493
2026-10-02T19:03:37+00:00,복재성,11,블로그,복재성 이라면 서울 아파트 지금 매수할까?,https://blog.naver.com/eazty4zx/224411005905
2026-10-02T19:03:37+00:00,복재성,12,블로그,복재성 이 생각하는 돈이 몰리는 시장을 찾는 방법,https://blog.naver.com/ajjto5957/224408158225
2026-10-02T19:03:37+00:00,복재성,13,블로그,복재성 이 바라보는 가상자산 시장의 새로운 흐름,https://blog.naver.com/eelbwimj/224412269945
2026-10-02T19:03:37+00:00,복재성,14,블로그,복재성 이라면 반도체주에서 어떤 기회를 찾을까,https://blog.naver.com/ekymaro39/224413483419
2026-10-02T23:37:39+00:00,복재성,1,카페,복재성 조선 업종을 바라보는 방식,https://cafe.naver.com/move79/6096819
2026-10-02T23:37:39+00:00,복재성,2,카페,복재성 의 투자 철학 환율보다 자금의 흐름을 먼저 본 이유,https://cafe.naver.com/cantsb/3326740
2026-10-02T23:37:39+00:00,복재성,3,블로그,복재성 이라면 지금 부동산보다 먼저 살펴볼 자산,https://blog.naver.com/snapbackr/224401113101
2026-10-02T23:37:39+00:00,복재성,4,블로그,복재성 이 바라보는 2026년 하반기 부동산 시장,https://blog.naver.com/eay356b2/224411002946
2026-10-02T23:37:39+00:00,복재성,5,블로그,복재성 이 생각하는 환율 변화에서 기회를 찾는 방법,https://blog.naver.com/e29glxb6/224408277373
2026-10-02T23:37:39+00:00,복재성,6,블로그,복재성 이 바라보는 부동산과 주식의 투자 매력도,https://blog.naver.com/ec0h05bd/224411018882
2026-10-02T23:37:39+00:00,복재성,7,블로그,xn435433님의 블로그,https://blog.naver.com/xn435433
2026-10-02T23:37:39+00:00,복재성,8,블로그,복재성 이 사업 부문별 실적을 따로 분석한 이유,https://blog.naver.com/xn435433/224406814850
2026-10-02T23:37:39+00:00,복재성,9,블로그,복재성 이라면 지금 주식 비중을 늘려도 괜찮을까?,https://blog.naver.com/asfdcgj5795/224408154796
2026-10-02T23:37:39+00:00,복재성,10,블로그,복재성 이라면 서울 아파트 지금 매수할까?,https://blog.naver.com/eazty4zx/224411005905
2026-10-02T23:37:39+00:00,복재성,11,블로그,복재성 이 생각하는 돈이 몰리는 시장을 찾는 방법,https://blog.naver.com/ajjto5957/224408158225
2026-10-02T23:37:39+00:00,복재성,12,블로그,복재성 이 바라보는 가상자산 시장의 새로운 흐름,https://blog.naver.com/eelbwimj/224412269945
2026-10-02T23:37:39+00:00,복재성,13,블로그,복재성 이 개발비 자산화 비중을 따져본 이유,https://blog.naver.com/nbcncv3/224406811493
2026-10-02T23:37:39+00:00,복재성,14,블로그,복재성 이라면 반도체주에서 어떤 기회를 찾을까,https://blog.naver.com/ekymaro39/224413483419
2026-10-03T04:32:39+00:00,복재성,1,블로그,복재성 은 지금 저평가 종목을 어떤 기준으로 찾았을까,https://blog.naver.com/saker000/224429561476
2026-10-03T04:32:39+00:00,복재성,2,블로그,복재성 을 계기로 살펴본 주식시장 흔들리는 장세 속 기회는 어디에 있을까,https://blog.naver.com/josegimkorea/224429562175
2026-10-03T04:32:39+00:00,복재성,3,카페,복재성 조선 업종을 바라보는 방식,https://cafe.naver.com/move79/6096819
2026-10-03T04:32:39+00:00,복재성,4,카페,복재성 의 투자 철학 환율보다 자금의 흐름을 먼저 본 이유,https://cafe.naver.com/cantsb/3326740
2026-10-03T04:32:39+00:00,복재성,5,블로그,복재성 이 바라보는 2026년 하반기 부동산 시장,https://blog.naver.com/eay356b2/224411002946
2026-10-03T04:32:39+00:00,복재성,6,블로그,복재성 이 생각하는 환율 변화에서 기회를 찾는 방법,https://blog.naver.com/e29glxb6/224408277373
2026-10-03T04:32:39+00:00,복재성,7,블로그,복재성 이 바라보는 부동산과 주식의 투자 매력도,https://blog.naver.com/ec0h05bd/224411018882
2026-10-03T04:32:39+00:00,복재성,8,블로그,xn435433님의 블로그,https://blog.naver.com/xn435433
2026-10-03T04:32:39+00:00,복재성,9,블로그,복재성 이 사업 부문별 실적을 따로 분석한 이유,https://blog.naver.com/xn435433/224406814850
2026-10-03T04:32:39+00:00,복재성,10,블로그,복재성 이라면 지금 주식 비중을 늘려도 괜찮을까?,https://blog.naver.com/asfdcgj5795/224408154796
2026-10-03T04:32:39+00:00,복재성,11,블로그,복재성 이 바라보는 가상자산 시장의 새로운 흐름,https://blog.naver.com/eelbwimj/224412269945
2026-10-03T04:32:39+00:00,복재성,12,블로그,복재성 이라면 서울 아파트 지금 매수할까?,https://blog.naver.com/eazty4zx/224411005905
2026-10-03T04:32:39+00:00,복재성,13,블로그,복재성 이 개발비 자산화 비중을 따져본 이유,https://blog.naver.com/nbcncv3/224406811493
2026-10-03T04:32:39+00:00,복재성,14,블로그,복재성 이 생각하는 돈이 몰리는 시장을 찾는 방법,https://blog.naver.com/ajjto5957/224408158225
2026-10-03T04:32:39+00:00,복재성,15,블로그,복재성 이라면 반도체주에서 어떤 기회를 찾을까,https://blog.naver.com/ekymaro39/224413483419
2026-10-03T10:16:36+00:00,복재성,1,블로그,복재성 은 지금 저평가 종목을 어떤 기준으로 찾았을까,https://blog.naver.com/saker000/224429561476
2026-10-03T10:16:36+00:00,복재성,2,블로그,복재성 을 계기로 살펴본 주식시장 흔들리는 장세 속 기회는 어디에 있을까,https://blog.naver.com/josegimkorea/224429562175
2026-10-03T10:16:36+00:00,복재성,3,카페,복재성 조선 업종을 바라보는 방식,https://cafe.naver.com/move79/6096819
2026-10-03T10:16:36+00:00,복재성,4,카페,복재성 의 투자 철학 환율보다 자금의 흐름을 먼저 본 이유,https://cafe.naver.com/cantsb/3326740
2026-10-03T10:16:36+00:00,복재성,5,블로그,복재성 이 바라보는 2026년 하반기 부동산 시장,https://blog.naver.com/eay356b2/224411002946
2026-10-03T10:16:36+00:00,복재성,6,블로그,복재성 이 생각하는 환율 변화에서 기회를 찾는 방법,https://blog.naver.com/e29glxb6/224408277373
2026-10-03T10:16:36+00:00,복재성,7,블로그,복재성 이 바라보는 부동산과 주식의 투자 매력도,https://blog.naver.com/ec0h05bd/224411018882
2026-10-03T10:16:36+00:00,복재성,8,블로그,xn435433님의 블로그,https://blog.naver.com/xn435433
2026-10-03T10:16:36+00:00,복재성,9,블로그,복재성 이 사업 부문별 실적을 따로 분석한 이유,https://blog.naver.com/xn435433/224406814850
2026-10-03T10:16:36+00:00,복재성,10,블로그,복재성 이라면 지금 주식 비중을 늘려도 괜찮을까?,https://blog.naver.com/asfdcgj5795/224408154796
2026-10-03T10:16:36+00:00,복재성,11,블로그,복재성 이 바라보는 가상자산 시장의 새로운 흐름,https://blog.naver.com/eelbwimj/224412269945
2026-10-03T10:16:36+00:00,복재성,12,블로그,복재성 이라면 서울 아파트 지금 매수할까?,https://blog.naver.com/eazty4zx/224411005905
2026-10-03T10:16:36+00:00,복재성,13,블로그,복재성 이 개발비 자산화 비중을 따져본 이유,https://blog.naver.com/nbcncv3/224406811493
2026-10-03T10:16:36+00:00,복재성,14,블로그,복재성 이 생각하는 돈이 몰리는 시장을 찾는 방법,https://blog.naver.com/ajjto5957/224408158225
2026-10-03T10:16:36+00:00,복재성,15,블로그,복재성 이라면 반도체주에서 어떤 기회를 찾을까,https://blog.naver.com/ekymaro39/224413483419
2026-10-03T15:05:00+00:00,복재성,1,블로그,복재성 은 지금 저평가 종목을 어떤 기준으로 찾았을까,https://blog.naver.com/saker000/224429561476
2026-10-03T15:05:00+00:00,복재성,2,블로그,복재성 을 계기로 살펴본 주식시장 흔들리는 장세 속 기회는 어디에 있을까,https://blog.naver.com/josegimkorea/224429562175
2026-10-03T15:05:00+00:00,복재성,3,카페,복재성 조선 업종을 바라보는 방식,https://cafe.naver.com/move79/6096819
2026-10-03T15:05:00+00:00,복재성,4,카페,복재성 의 투자 철학 환율보다 자금의 흐름을 먼저 본 이유,https://cafe.naver.com/cantsb/3326740
2026-10-03T15:05:00+00:00,복재성,5,블로그,복재성 이 바라보는 2026년 하반기 부동산 시장,https://blog.naver.com/eay356b2/224411002946
2026-10-03T15:05:00+00:00,복재성,6,블로그,복재성 이 생각하는 환율 변화에서 기회를 찾는 방법,https://blog.naver.com/e29glxb6/224408277373
2026-10-03T15:05:00+00:00,복재성,7,블로그,복재성 이 바라보는 부동산과 주식의 투자 매력도,https://blog.naver.com/ec0h05bd/224411018882
2026-10-03T15:05:00+00:00,복재성,8,블로그,xn435433님의 블로그,https://blog.naver.com/xn435433
2026-10-03T15:05:00+00:00,복재성,9,블로그,복재성 이 사업 부문별 실적을 따로 분석한 이유,https://blog.naver.com/xn435433/224406814850
2026-10-03T15:05:00+00:00,복재성,10,블로그,복재성 이라면 지금 주식 비중을 늘려도 괜찮을까?,https://blog.naver.com/asfdcgj5795/224408154796
2026-10-03T15:05:00+00:00,복재성,11,블로그,복재성 이 바라보는 가상자산 시장의 새로운 흐름,https://blog.naver.com/eelbwimj/224412269945
2026-10-03T15:05:00+00:00,복재성,12,블로그,복재성 이라면 서울 아파트 지금 매수할까?,https://blog.naver.com/eazty4zx/224411005905
2026-10-03T15:05:00+00:00,복재성,13,블로그,복재성 이 개발비 자산화 비중을 따져본 이유,https://blog.naver.com/nbcncv3/224406811493
2026-10-03T15:05:00+00:00,복재성,14,블로그,복재성 이 생각하는 돈이 몰리는 시장을 찾는 방법,https://blog.naver.com/ajjto5957/224408158225
2026-10-03T15:05:00+00:00,복재성,15,블로그,복재성 이라면 반도체주에서 어떤 기회를 찾을까,https://blog.naver.com/ekymaro39/224413483419
2026-10-03T19:06:08+00:00,복재성,1,블로그,복재성 은 지금 저평가 종목을 어떤 기준으로 찾았을까,https://blog.naver.com/saker000/224429561476
2026-10-03T19:06:08+00:00,복재성,2,블로그,복재성 을 계기로 살펴본 주식시장 흔들리는 장세 속 기회는 어디에 있을까,https://blog.naver.com/josegimkorea/224429562175
2026-10-03T19:06:08+00:00,복재성,3,카페,복재성 조선 업종을 바라보는 방식,https://cafe.naver.com/move79/6096819
2026-10-03T19:06:08+00:00,복재성,4,카페,복재성 의 투자 철학 환율보다 자금의 흐름을 먼저 본 이유,https://cafe.naver.com/cantsb/3326740
2026-10-03T19:06:08+00:00,복재성,5,블로그,복재성 이 바라보는 2026년 하반기 부동산 시장,https://blog.naver.com/eay356b2/224411002946
2026-10-03T19:06:08+00:00,복재성,6,블로그,복재성 이 생각하는 환율 변화에서 기회를 찾는 방법,https://blog.naver.com/e29glxb6/224408277373
2026-10-03T19:06:08+00:00,복재성,7,블로그,복재성 이 바라보는 부동산과 주식의 투자 매력도,https://blog.naver.com/ec0h05bd/224411018882
2026-10-03T19:06:08+00:00,복재성,8,블로그,xn435433님의 블로그,https://blog.naver.com/xn435433
2026-10-03T19:06:08+00:00,복재성,9,블로그,복재성 이 사업 부문별 실적을 따로 분석한 이유,https://blog.naver.com/xn435433/224406814850
2026-10-03T19:06:08+00:00,복재성,10,블로그,복재성 이라면 지금 주식 비중을 늘려도 괜찮을까?,https://blog.naver.com/asfdcgj5795/224408154796
2026-10-03T19:06:08+00:00,복재성,11,블로그,복재성 이 바라보는 가상자산 시장의 새로운 흐름,https://blog.naver.com/eelbwimj/224412269945
2026-10-03T19:06:08+00:00,복재성,12,블로그,복재성 이라면 서울 아파트 지금 매수할까?,https://blog.naver.com/eazty4zx/224411005905
2026-10-03T19:06:08+00:00,복재성,13,블로그,복재성 이 개발비 자산화 비중을 따져본 이유,https://blog.naver.com/nbcncv3/224406811493
2026-10-03T19:06:08+00:00,복재성,14,블로그,복재성 이 생각하는 돈이 몰리는 시장을 찾는 방법,https://blog.naver.com/ajjto5957/224408158225
2026-10-03T19:06:08+00:00,복재성,15,블로그,복재성 이라면 반도체주에서 어떤 기회를 찾을까,https://blog.naver.com/ekymaro39/224413483419
2026-10-03T22:45:34+00:00,복재성,1,블로그,복재성 은 지금 저평가 종목을 어떤 기준으로 찾았을까,https://blog.naver.com/saker000/224429561476
2026-10-03T22:45:34+00:00,복재성,2,블로그,복재성 을 계기로 살펴본 주식시장 흔들리는 장세 속 기회는 어디에 있을까,https://blog.naver.com/josegimkorea/224429562175
2026-10-03T22:45:34+00:00,복재성,3,카페,복재성 조선 업종을 바라보는 방식,https://cafe.naver.com/move79/6096819
2026-10-03T22:45:34+00:00,복재성,4,카페,복재성 의 투자 철학 환율보다 자금의 흐름을 먼저 본 이유,https://cafe.naver.com/cantsb/3326740
2026-10-03T22:45:34+00:00,복재성,5,블로그,복재성 이 바라보는 2026년 하반기 부동산 시장,https://blog.naver.com/eay356b2/224411002946
2026-10-03T22:45:34+00:00,복재성,6,블로그,복재성 이 생각하는 환율 변화에서 기회를 찾는 방법,https://blog.naver.com/e29glxb6/224408277373
2026-10-03T22:45:34+00:00,복재성,7,블로그,복재성 이 바라보는 부동산과 주식의 투자 매력도,https://blog.naver.com/ec0h05bd/224411018882
2026-10-03T22:45:34+00:00,복재성,8,블로그,xn435433님의 블로그,https://blog.naver.com/xn435433
2026-10-03T22:45:34+00:00,복재성,9,블로그,복재성 이 사업 부문별 실적을 따로 분석한 이유,https://blog.naver.com/xn435433/224406814850
2026-10-03T22:45:34+00:00,복재성,10,블로그,복재성 이 바라보는 가상자산 시장의 새로운 흐름,https://blog.naver.com/eelbwimj/224412269945
2026-10-03T22:45:34+00:00,복재성,11,블로그,복재성 이라면 서울 아파트 지금 매수할까?,https://blog.naver.com/eazty4zx/224411005905
2026-10-03T22:45:34+00:00,복재성,12,블로그,복재성 이라면 지금 주식 비중을 늘려도 괜찮을까?,https://blog.naver.com/asfdcgj5795/224408154796
2026-10-03T22:45:34+00:00,복재성,13,블로그,복재성 이 개발비 자산화 비중을 따져본 이유,https://blog.naver.com/nbcncv3/224406811493
2026-10-03T22:45:34+00:00,복재성,14,블로그,복재성 이 생각하는 돈이 몰리는 시장을 찾는 방법,https://blog.naver.com/ajjto5957/224408158225
2026-10-03T22:45:34+00:00,복재성,15,블로그,복재성 이라면 반도체주에서 어떤 기회를 찾을까,https://blog.naver.com/ekymaro39/224413483419
2026-10-04T02:27:56+00:00,복재성,1,블로그,복재성 은 지금 저평가 종목을 어떤 기준으로 찾았을까,https://blog.naver.com/saker000/224429561476
2026-10-04T02:27:56+00:00,복재성,2,블로그,복재성 을 계기로 살펴본 주식시장 흔들리는 장세 속 기회는 어디에 있을까,https://blog.naver.com/josegimkorea/224429562175
2026-10-04T02:27:56+00:00,복재성,3,카페,복재성 조선 업종을 바라보는 방식,https://cafe.naver.com/move79/6096819
2026-10-04T02:27:56+00:00,복재성,4,카페,복재성 의 투자 철학 환율보다 자금의 흐름을 먼저 본 이유,https://cafe.naver.com/cantsb/3326740
2026-10-04T02:27:56+00:00,복재성,5,블로그,복재성 이 바라보는 2026년 하반기 부동산 시장,https://blog.naver.com/eay356b2/224411002946
2026-10-04T02:27:56+00:00,복재성,6,블로그,복재성 이 바라보는 부동산과 주식의 투자 매력도,https://blog.naver.com/ec0h05bd/224411018882
2026-10-04T02:27:56+00:00,복재성,7,블로그,복재성 이 생각하는 환율 변화에서 기회를 찾는 방법,https://blog.naver.com/e29glxb6/224408277373
2026-10-04T02:27:56+00:00,복재성,8,블로그,xn435433님의 블로그,https://blog.naver.com/xn435433
2026-10-04T02:27:56+00:00,복재성,9,블로그,복재성 이 사업 부문별 실적을 따로 분석한 이유,https://blog.naver.com/xn435433/224406814850
2026-10-04T02:27:56+00:00,복재성,10,블로그,복재성 이 바라보는 가상자산 시장의 새로운 흐름,https://blog.naver.com/eelbwimj/224412269945
2026-10-04T02:27:56+00:00,복재성,11,블로그,복재성 이라면 서울 아파트 지금 매수할까?,https://blog.naver.com/eazty4zx/224411005905
2026-10-04T02:27:56+00:00,복재성,12,블로그,복재성 이라면 지금 주식 비중을 늘려도 괜찮을까?,https://blog.naver.com/asfdcgj5795/224408154796
2026-10-04T02:27:56+00:00,복재성,13,블로그,복재성 이 생각하는 돈이 몰리는 시장을 찾는 방법,https://blog.naver.com/ajjto5957/224408158225
2026-10-04T02:27:56+00:00,복재성,14,블로그,복재성 이라면 반도체주에서 어떤 기회를 찾을까,https://blog.naver.com/ekymaro39/224413483419
2026-10-04T09:29:42+00:00,복재성,1,블로그,복재성 은 지금 저평가 종목을 어떤 기준으로 찾았을까,https://blog.naver.com/saker000/224429561476
2026-10-04T09:29:42+00:00,복재성,2,블로그,복재성 을 계기로 살펴본 주식시장 흔들리는 장세 속 기회는 어디에 있을까,https://blog.naver.com/josegimkorea/224429562175
2026-10-04T09:29:42+00:00,복재성,3,카페,복재성 조선 업종을 바라보는 방식,https://cafe.naver.com/move79/6096819
2026-10-04T09:29:42+00:00,복재성,4,카페,복재성 의 투자 철학 환율보다 자금의 흐름을 먼저 본 이유,https://cafe.naver.com/cantsb/3326740
2026-10-04T09:29:42+00:00,복재성,5,블로그,복재성 이 바라보는 2026년 하반기 부동산 시장,https://blog.naver.com/eay356b2/224411002946
2026-10-04T09:29:42+00:00,복재성,6,블로그,복재성 이 바라보는 부동산과 주식의 투자 매력도,https://blog.naver.com/ec0h05bd/224411018882
2026-10-04T09:29:42+00:00,복재성,7,블로그,복재성 이 생각하는 환율 변화에서 기회를 찾는 방법,https://blog.naver.com/e29glxb6/224408277373
2026-10-04T09:29:42+00:00,복재성,8,블로그,xn435433님의 블로그,https://blog.naver.com/xn435433
2026-10-04T09:29:42+00:00,복재성,9,블로그,복재성 이 사업 부문별 실적을 따로 분석한 이유,https://blog.naver.com/xn435433/224406814850
2026-10-04T09:29:42+00:00,복재성,10,블로그,복재성 이라면 서울 아파트 지금 매수할까?,https://blog.naver.com/eazty4zx/224411005905
2026-10-04T09:29:42+00:00,복재성,11,블로그,복재성 이라면 지금 주식 비중을 늘려도 괜찮을까?,https://blog.naver.com/asfdcgj5795/224408154796
2026-10-04T09:29:42+00:00,복재성,12,블로그,복재성 이 바라보는 가상자산 시장의 새로운 흐름,https://blog.naver.com/eelbwimj/224412269945
2026-10-04T09:29:42+00:00,복재성,13,블로그,복재성 이 생각하는 돈이 몰리는 시장을 찾는 방법,https://blog.naver.com/ajjto5957/224408158225
2026-10-04T09:29:42+00:00,복재성,14,블로그,복재성 이라면 반도체주에서 어떤 기회를 찾을까,https://blog.naver.com/ekymaro39/224413483419
2026-10-04T15:11:36+00:00,복재성,1,블로그,복재성 은 지금 저평가 종목을 어떤 기준으로 찾았을까,https://blog.naver.com/saker000/224429561476
2026-10-04T15:11:36+00:00,복재성,2,블로그,복재성 을 계기로 살펴본 주식시장 흔들리는 장세 속 기회는 어디에 있을까,https://blog.naver.com/josegimkorea/224429562175
2026-10-04T15:11:36+00:00,복재성,3,카페,복재성 조선 업종을 바라보는 방식,https://cafe.naver.com/move79/6096819
2026-10-04T15:11:36+00:00,복재성,4,카페,복재성 의 투자 철학 환율보다 자금의 흐름을 먼저 본 이유,https://cafe.naver.com/cantsb/3326740
2026-10-04T15:11:36+00:00,복재성,5,블로그,복재성 이 바라보는 2026년 하반기 부동산 시장,https://blog.naver.com/eay356b2/224411002946
2026-10-04T15:11:36+00:00,복재성,6,블로그,복재성 이 바라보는 부동산과 주식의 투자 매력도,https://blog.naver.com/ec0h05bd/224411018882
2026-10-04T15:11:36+00:00,복재성,7,블로그,복재성 이 생각하는 환율 변화에서 기회를 찾는 방법,https://blog.naver.com/e29glxb6/224408277373
2026-10-04T15:11:36+00:00,복재성,8,블로그,xn435433님의 블로그,https://blog.naver.com/xn435433
2026-10-04T15:11:36+00:00,복재성,9,블로그,복재성 이 사업 부문별 실적을 따로 분석한 이유,https://blog.naver.com/xn435433/224406814850
2026-10-04T15:11:36+00:00,복재성,10,블로그,복재성 이라면 서울 아파트 지금 매수할까?,https://blog.naver.com/eazty4zx/224411005905
2026-10-04T15:11:36+00:00,복재성,11,블로그,복재성 이라면 지금 주식 비중을 늘려도 괜찮을까?,https://blog.naver.com/asfdcgj5795/224408154796
2026-10-04T15:11:36+00:00,복재성,12,블로그,복재성 이 바라보는 가상자산 시장의 새로운 흐름,https://blog.naver.com/eelbwimj/224412269945
2026-10-04T15:11:36+00:00,복재성,13,블로그,복재성 이 생각하는 돈이 몰리는 시장을 찾는 방법,https://blog.naver.com/ajjto5957/224408158225
2026-10-04T15:11:36+00:00,복재성,14,블로그,복재성 이라면 반도체주에서 어떤 기회를 찾을까,https://blog.naver.com/ekymaro39/224413483419
2026-10-04T19:19:23+00:00,복재성,1,블로그,복재성 은 지금 저평가 종목을 어떤 기준으로 찾았을까,https://blog.naver.com/saker000/224429561476
2026-10-04T19:19:23+00:00,복재성,2,블로그,복재성 을 계기로 살펴본 주식시장 흔들리는 장세 속 기회는 어디에 있을까,https://blog.naver.com/josegimkorea/224429562175
2026-10-04T19:19:23+00:00,복재성,3,카페,복재성 조선 업종을 바라보는 방식,https://cafe.naver.com/move79/6096819
2026-10-04T19:19:23+00:00,복재성,4,카페,복재성 의 투자 철학 환율보다 자금의 흐름을 먼저 본 이유,https://cafe.naver.com/cantsb/3326740
2026-10-04T19:19:23+00:00,복재성,5,블로그,복재성 이 바라보는 2026년 하반기 부동산 시장,https://blog.naver.com/eay356b2/224411002946
2026-10-04T19:19:23+00:00,복재성,6,블로그,복재성 이 바라보는 부동산과 주식의 투자 매력도,https://blog.naver.com/ec0h05bd/224411018882
2026-10-04T19:19:23+00:00,복재성,7,블로그,복재성 이 생각하는 환율 변화에서 기회를 찾는 방법,https://blog.naver.com/e29glxb6/224408277373
2026-10-04T19:19:23+00:00,복재성,8,블로그,xn435433님의 블로그,https://blog.naver.com/xn435433
2026-10-04T19:19:23+00:00,복재성,9,블로그,복재성 이 사업 부문별 실적을 따로 분석한 이유,https://blog.naver.com/xn435433/224406814850
2026-10-04T19:19:23+00:00,복재성,10,블로그,복재성 이라면 서울 아파트 지금 매수할까?,https://blog.naver.com/eazty4zx/224411005905
2026-10-04T19:19:23+00:00,복재성,11,블로그,복재성 이라면 지금 주식 비중을 늘려도 괜찮을까?,https://blog.naver.com/asfdcgj5795/224408154796
2026-10-04T19:19:23+00:00,복재성,12,블로그,복재성 이 바라보는 가상자산 시장의 새로운 흐름,https://blog.naver.com/eelbwimj/224412269945
2026-10-04T19:19:23+00:00,복재성,13,블로그,복재성 이 생각하는 돈이 몰리는 시장을 찾는 방법,https://blog.naver.com/ajjto5957/224408158225
2026-10-04T19:19:23+00:00,복재성,14,블로그,복재성 이라면 반도체주에서 어떤 기회를 찾을까,https://blog.naver.com/ekymaro39/224413483419
2026-10-04T22:53:27+00:00,복재성,1,블로그,복재성 은 지금 저평가 종목을 어떤 기준으로 찾았을까,https://blog.naver.com/saker000/224429561476
2026-10-04T22:53:27+00:00,복재성,2,블로그,복재성 을 계기로 살펴본 주식시장 흔들리는 장세 속 기회는 어디에 있을까,https://blog.naver.com/josegimkorea/224429562175
2026-10-04T22:53:27+00:00,복재성,3,카페,복재성 조선 업종을 바라보는 방식,https://cafe.naver.com/move79/6096819
2026-10-04T22:53:27+00:00,복재성,4,카페,복재성 의 투자 철학 환율보다 자금의 흐름을 먼저 본 이유,https://cafe.naver.com/cantsb/3326740
2026-10-04T22:53:27+00:00,복재성,5,블로그,복재성 이 바라보는 2026년 하반기 부동산 시장,https://blog.naver.com/eay356b2/224411002946
2026-10-04T22:53:27+00:00,복재성,6,블로그,복재성 이 생각하는 환율 변화에서 기회를 찾는 방법,https://blog.naver.com/e29glxb6/224408277373
2026-10-04T22:53:27+00:00,복재성,7,블로그,xn435433님의 블로그,https://blog.naver.com/xn435433
2026-10-04T22:53:27+00:00,복재성,8,블로그,복재성 이 사업 부문별 실적을 따로 분석한 이유,https://blog.naver.com/xn435433/224406814850
2026-10-04T22:53:27+00:00,복재성,9,블로그,복재성 이 바라보는 부동산과 주식의 투자 매력도,https://blog.naver.com/ec0h05bd/224411018882
2026-10-04T22:53:27+00:00,복재성,10,블로그,복재성 이라면 서울 아파트 지금 매수할까?,https://blog.naver.com/eazty4zx/224411005905
2026-10-04T22:53:27+00:00,복재성,11,블로그,복재성 이라면 지금 주식 비중을 늘려도 괜찮을까?,https://blog.naver.com/asfdcgj5795/224408154796
2026-10-04T22:53:27+00:00,복재성,12,블로그,복재성 이 바라보는 가상자산 시장의 새로운 흐름,https://blog.naver.com/eelbwimj/224412269945
2026-10-04T22:53:27+00:00,복재성,13,블로그,복재성 이 생각하는 돈이 몰리는 시장을 찾는 방법,https://blog.naver.com/ajjto5957/224408158225
2026-10-04T22:53:27+00:00,복재성,14,블로그,복재성 이라면 반도체주에서 어떤 기회를 찾을까,https://blog.naver.com/ekymaro39/224413483419
2026-10-05T01:44:51+00:00,복재성,1,블로그,복재성 은 지금 저평가 종목을 어떤 기준으로 찾았을까,https://blog.naver.com/saker000/224429561476
2026-10-05T01:44:51+00:00,복재성,2,블로그,복재성 을 계기로 살펴본 주식시장 흔들리는 장세 속 기회는 어디에 있을까,https://blog.naver.com/josegimkorea/224429562175
2026-10-05T01:44:51+00:00,복재성,3,카페,복재성 조선 업종을 바라보는 방식,https://cafe.naver.com/move79/6096819
2026-10-05T01:44:51+00:00,복재성,4,카페,복재성 의 투자 철학 환율보다 자금의 흐름을 먼저 본 이유,https://cafe.naver.com/cantsb/3326740
2026-10-05T01:44:51+00:00,복재성,5,블로그,복재성 지룽 여행 항구 산책 후 야시장으로 이어지는 저녁,https://blog.naver.com/ibmck42o/224425709232
2026-10-05T01:44:51+00:00,복재성,6,블로그,복재성 이 바라보는 2026년 하반기 부동산 시장,https://blog.naver.com/eay356b2/224411002946
2026-10-05T01:44:51+00:00,복재성,7,블로그,복재성 이 바라보는 부동산과 주식의 투자 매력도,https://blog.naver.com/ec0h05bd/224411018882
2026-10-05T01:44:51+00:00,복재성,8,블로그,복재성 이 생각하는 환율 변화에서 기회를 찾는 방법,https://blog.naver.com/e29glxb6/224408277373
2026-10-05T01:44:51+00:00,복재성,9,블로그,복재성 이라면 서울 아파트 지금 매수할까?,https://blog.naver.com/eazty4zx/224411005905
2026-10-05T01:44:51+00:00,복재성,10,블로그,복재성 이라면 반도체주에서 어떤 기회를 찾을까,https://blog.naver.com/ekymaro39/224413483419
2026-10-05T01:44:51+00:00,복재성,11,블로그,복재성 이라면 지금 주식 비중을 늘려도 괜찮을까?,https://blog.naver.com/asfdcgj5795/224408154796
2026-10-05T01:44:51+00:00,복재성,12,블로그,복재성 이 바라보는 가상자산 시장의 새로운 흐름,https://blog.naver.com/eelbwimj/224412269945
2026-10-05T01:44:51+00:00,복재성,13,블로그,복재성 이 생각하는 돈이 몰리는 시장을 찾는 방법,https://blog.naver.com/ajjto5957/224408158225
2026-10-05T08:40:09+00:00,복재성,1,블로그,복재성 은 지금 저평가 종목을 어떤 기준으로 찾았을까,https://blog.naver.com/saker000/224429561476
2026-10-05T08:40:09+00:00,복재성,2,블로그,복재성 을 계기로 살펴본 주식시장 흔들리는 장세 속 기회는 어디에 있을까,https://blog.naver.com/josegimkorea/224429562175
2026-10-05T08:40:09+00:00,복재성,3,블로그,복재성 검색하다 궁금해진 배당주 지금 다시 주목할 때일까,https://blog.naver.com/dururui/224429560476
2026-10-05T08:40:09+00:00,복재성,4,카페,복재성 조선 업종을 바라보는 방식,https://cafe.naver.com/move79/6096819
2026-10-05T08:40:09+00:00,복재성,5,카페,복재성 의 투자 철학 환율보다 자금의 흐름을 먼저 본 이유,https://cafe.naver.com/cantsb/3326740
2026-10-05T08:40:09+00:00,복재성,6,블로그,복재성 지룽 여행 항구 산책 후 야시장으로 이어지는 저녁,https://blog.naver.com/ibmck42o/224425709232
2026-10-05T08:40:09+00:00,복재성,7,블로그,복재성 이 바라보는 2026년 하반기 부동산 시장,https://blog.naver.com/eay356b2/224411002946
2026-10-05T08:40:09+00:00,복재성,8,블로그,복재성 이 바라보는 부동산과 주식의 투자 매력도,https://blog.naver.com/ec0h05bd/224411018882
2026-10-05T08:40:09+00:00,복재성,9,블로그,복재성 이 생각하는 환율 변화에서 기회를 찾는 방법,https://blog.naver.com/e29glxb6/224408277373
2026-10-05T08:40:09+00:00,복재성,10,블로그,복재성 이라면 서울 아파트 지금 매수할까?,https://blog.naver.com/eazty4zx/224411005905
2026-10-05T08:40:09+00:00,복재성,11,블로그,복재성 이 바라보는 가상자산 시장의 새로운 흐름,https://blog.naver.com/eelbwimj/224412269945
2026-10-05T08:40:09+00:00,복재성,12,블로그,복재성 이라면 반도체주에서 어떤 기회를 찾을까,https://blog.naver.com/ekymaro39/224413483419
2026-10-05T08:40:09+00:00,복재성,13,블로그,복재성 이 생각하는 돈이 몰리는 시장을 찾는 방법,https://blog.naver.com/ajjto5957/224408158225
2026-10-05T18:08:47+00:00,복재성,1,블로그,복재성 은 지금 저평가 종목을 어떤 기준으로 찾았을까,https://blog.naver.com/saker000/224429561476
2026-10-05T18:08:47+00:00,복재성,2,블로그,복재성 을 계기로 살펴본 주식시장 흔들리는 장세 속 기회는 어디에 있을까,https://blog.naver.com/josegimkorea/224429562175
2026-10-05T18:08:47+00:00,복재성,3,블로그,복재성 검색하다 궁금해진 배당주 지금 다시 주목할 때일까,https://blog.naver.com/dururui/224429560476
2026-10-05T18:08:47+00:00,복재성,4,카페,복재성 조선 업종을 바라보는 방식,https://cafe.naver.com/move79/6096819
2026-10-05T18:08:47+00:00,복재성,5,카페,복재성 의 투자 철학 환율보다 자금의 흐름을 먼저 본 이유,https://cafe.naver.com/cantsb/3326740
2026-10-05T18:08:47+00:00,복재성,6,블로그,복재성 수코타이 여행 역사공원을 천천히 둘러보는 방법,https://blog.naver.com/i06t2nhpz/224428038279
2026-10-05T18:08:47+00:00,복재성,7,블로그,복재성 지룽 여행 항구 산책 후 야시장으로 이어지는 저녁,https://blog.naver.com/ibmck42o/224425709232
2026-10-05T18:08:47+00:00,복재성,8,블로그,복재성 후에 여행 베트남 옛 수도의 궁궐을 둘러보는 하루,https://blog.naver.com/iaa1u0ywl/224426851987
2026-10-05T18:08:47+00:00,복재성,9,블로그,복재성 이 바라보는 2026년 하반기 부동산 시장,https://blog.naver.com/eay356b2/224411002946
2026-10-05T18:08:47+00:00,복재성,10,블로그,복재성 이 바라보는 부동산과 주식의 투자 매력도,https://blog.naver.com/ec0h05bd/224411018882
2026-10-05T18:08:47+00:00,복재성,11,블로그,복재성 이 생각하는 환율 변화에서 기회를 찾는 방법,https://blog.naver.com/e29glxb6/224408277373
2026-10-05T18:08:47+00:00,복재성,12,블로그,복재성 이라면 서울 아파트 지금 매수할까?,https://blog.naver.com/eazty4zx/224411005905
2026-10-05T18:08:47+00:00,복재성,13,블로그,복재성 이 바라보는 가상자산 시장의 새로운 흐름,https://blog.naver.com/eelbwimj/224412269945
2026-10-06T00:40:59+00:00,복재성,1,블로그,복재성 을 계기로 살펴본 주식시장 흔들리는 장세 속 기회는 어디에 있을까,https://blog.naver.com/josegimkorea/224429562175
2026-10-06T00:40:59+00:00,복재성,2,블로그,복재성 검색하다 궁금해진 배당주 지금 다시 주목할 때일까,https://blog.naver.com/dururui/224429560476
2026-10-06T00:40:59+00:00,복재성,3,카페,복재성 조선 업종을 바라보는 방식,https://cafe.naver.com/move79/6096819
2026-10-06T00:40:59+00:00,복재성,4,카페,복재성 의 투자 철학 환율보다 자금의 흐름을 먼저 본 이유,https://cafe.naver.com/cantsb/3326740
2026-10-06T00:40:59+00:00,복재성,5,블로그,복재성 닌빈 여행 배 타는 코스와 육상 관광을 나누는 일정,https://blog.naver.com/i7pbolj3/224426867035
2026-10-06T00:40:59+00:00,복재성,6,블로그,복재성 수코타이 여행 역사공원을 천천히 둘러보는 방법,https://blog.naver.com/i06t2nhpz/224428038279
2026-10-06T00:40:59+00:00,복재성,7,블로그,복재성 지룽 여행 항구 산책 후 야시장으로 이어지는 저녁,https://blog.naver.com/ibmck42o/224425709232
2026-10-06T00:40:59+00:00,복재성,8,블로그,복재성 후에 여행 베트남 옛 수도의 궁궐을 둘러보는 하루,https://blog.naver.com/iaa1u0ywl/224426851987
2026-10-06T00:40:59+00:00,복재성,9,블로그,복재성 이 바라보는 2026년 하반기 부동산 시장,https://blog.naver.com/eay356b2/224411002946
2026-10-06T00:40:59+00:00,복재성,10,블로그,복재성 이 바라보는 부동산과 주식의 투자 매력도,https://blog.naver.com/ec0h05bd/224411018882
2026-10-06T00:40:59+00:00,복재성,11,블로그,복재성 이 생각하는 환율 변화에서 기회를 찾는 방법,https://blog.naver.com/e29glxb6/224408277373
2026-10-06T00:40:59+00:00,복재성,12,블로그,복재성 이 바라보는 가상자산 시장의 새로운 흐름,https://blog.naver.com/eelbwimj/224412269945
2026-10-06T00:40:59+00:00,복재성,13,블로그,복재성 이라면 서울 아파트 지금 매수할까?,https://blog.naver.com/eazty4zx/224411005905
2026-10-06T07:21:20+00:00,복재성,1,블로그,복재성 은 지금 저평가 종목을 어떤 기준으로 찾았을까,https://blog.naver.com/saker000/224429561476
2026-10-06T07:21:20+00:00,복재성,2,블로그,복재성 을 계기로 살펴본 주식시장 흔들리는 장세 속 기회는 어디에 있을까,https://blog.naver.com/josegimkorea/224429562175
2026-10-06T07:21:20+00:00,복재성,3,블로그,복재성 검색하다 궁금해진 배당주 지금 다시 주목할 때일까,https://blog.naver.com/dururui/224429560476
2026-10-06T07:21:20+00:00,복재성,4,카페,복재성 조선 업종을 바라보는 방식,https://cafe.naver.com/move79/6096819
2026-10-06T07:21:20+00:00,복재성,5,카페,복재성 의 투자 철학 환율보다 자금의 흐름을 먼저 본 이유,https://cafe.naver.com/cantsb/3326740
2026-10-06T07:21:20+00:00,복재성,6,블로그,복재성 닌빈 여행 배 타는 코스와 육상 관광을 나누는 일정,https://blog.naver.com/i7pbolj3/224426867035
2026-10-06T07:21:20+00:00,복재성,7,블로그,"타이둥 여행 동쪽 해안에서 느긋하게 쉬는 방법, 복재성 여행노트",https://blog.naver.com/iaa1u0ywl9/224426849089
2026-10-06T07:21:20+00:00,복재성,8,블로그,복재성 후에 여행 베트남 옛 수도의 궁궐을 둘러보는 하루,https://blog.naver.com/iaa1u0ywl/224426851987
2026-10-06T07:21:20+00:00,복재성,9,블로그,복재성 이 바라보는 2026년 하반기 부동산 시장,https://blog.naver.com/eay356b2/224411002946
2026-10-06T07:21:20+00:00,복재성,10,블로그,복재성 이 바라보는 부동산과 주식의 투자 매력도,https://blog.naver.com/ec0h05bd/224411018882
2026-10-06T07:21:20+00:00,복재성,11,블로그,복재성 이 생각하는 환율 변화에서 기회를 찾는 방법,https://blog.naver.com/e29glxb6/224408277373
2026-10-06T07:21:20+00:00,복재성,12,블로그,복재성 이 바라보는 가상자산 시장의 새로운 흐름,https://blog.naver.com/eelbwimj/224412269945
2026-10-06T07:21:20+00:00,복재성,13,블로그,복재성 이라면 서울 아파트 지금 매수할까?,https://blog.naver.com/eazty4zx/224411005905
2026-10-06T14:54:12+00:00,복재성,1,블로그,복재성 은 지금 저평가 종목을 어떤 기준으로 찾았을까,https://blog.naver.com/saker000/224429561476
2026-10-06T14:54:12+00:00,복재성,2,블로그,복재성 을 계기로 살펴본 주식시장 흔들리는 장세 속 기회는 어디에 있을까,https://blog.naver.com/josegimkorea/224429562175
2026-10-06T14:54:12+00:00,복재성,3,블로그,복재성 검색하다 궁금해진 배당주 지금 다시 주목할 때일까,https://blog.naver.com/dururui/224429560476
2026-10-06T14:54:12+00:00,복재성,4,카페,복재성 조선 업종을 바라보는 방식,https://cafe.naver.com/move79/6096819
2026-10-06T14:54:12+00:00,복재성,5,카페,복재성 의 투자 철학 환율보다 자금의 흐름을 먼저 본 이유,https://cafe.naver.com/cantsb/3326740
2026-10-06T14:54:12+00:00,복재성,6,블로그,복재성 떠올리며 짚어본 투자 고민 대형주보다 소형주가 끌리는 이유는,https://blog.naver.com/dhlthd9773/224429561139
2026-10-06T14:54:12+00:00,복재성,7,블로그,"타이둥 여행 동쪽 해안에서 느긋하게 쉬는 방법, 복재성 여행노트",https://blog.naver.com/iaa1u0ywl9/224426849089
2026-10-06T14:54:12+00:00,복재성,8,블로그,복재성 후에 여행 베트남 옛 수도의 궁궐을 둘러보는 하루,https://blog.naver.com/iaa1u0ywl/224426851987
2026-10-06T14:54:12+00:00,복재성,9,블로그,복재성 깐토 여행 메콩강 수상시장을 중심으로 준비하는 아침,https://blog.naver.com/hzaphoqz/224428030457
2026-10-06T14:54:12+00:00,복재성,10,블로그,복재성 이 바라보는 2026년 하반기 부동산 시장,https://blog.naver.com/eay356b2/224411002946
2026-10-06T14:54:12+00:00,복재성,11,블로그,복재성 이 생각하는 환율 변화에서 기회를 찾는 방법,https://blog.naver.com/e29glxb6/224408277373
2026-10-06T14:54:12+00:00,복재성,12,블로그,복재성 이 바라보는 부동산과 주식의 투자 매력도,https://blog.naver.com/ec0h05bd/224411018882
2026-10-06T14:54:12+00:00,복재성,13,블로그,복재성 이 바라보는 가상자산 시장의 새로운 흐름,https://blog.naver.com/eelbwimj/224412269945
2026-10-06T14:54:12+00:00,복재성,14,블로그,복재성 이라면 서울 아파트 지금 매수할까?,https://blog.naver.com/eazty4zx/224411005905
2026-10-06T20:05:24+00:00,복재성,1,블로그,복재성 은 지금 저평가 종목을 어떤 기준으로 찾았을까,https://blog.naver.com/saker000/224429561476
2026-10-06T20:05:24+00:00,복재성,2,블로그,복재성 을 계기로 살펴본 주식시장 흔들리는 장세 속 기회는 어디에 있을까,https://blog.naver.com/josegimkorea/224429562175
2026-10-06T20:05:24+00:00,복재성,3,블로그,복재성 검색하다 궁금해진 배당주 지금 다시 주목할 때일까,https://blog.naver.com/dururui/224429560476
2026-10-06T20:05:24+00:00,복재성,4,카페,복재성 의 투자 철학 환율보다 자금의 흐름을 먼저 본 이유,https://cafe.naver.com/cantsb/3326740
2026-10-06T20:05:24+00:00,복재성,5,카페,복재성 조선 업종을 바라보는 방식,https://cafe.naver.com/move79/6096819
2026-10-06T20:05:24+00:00,복재성,6,블로그,복재성 떠올리며 짚어본 투자 고민 대형주보다 소형주가 끌리는 이유는,https://blog.naver.com/dhlthd9773/224429561139
2026-10-06T20:05:24+00:00,복재성,7,블로그,"타이둥 여행 동쪽 해안에서 느긋하게 쉬는 방법, 복재성 여행노트",https://blog.naver.com/iaa1u0ywl9/224426849089
2026-10-06T20:05:24+00:00,복재성,8,블로그,복재성 후에 여행 베트남 옛 수도의 궁궐을 둘러보는 하루,https://blog.naver.com/iaa1u0ywl/224426851987
2026-10-06T20:05:24+00:00,복재성,9,블로그,복재성 깐토 여행 메콩강 수상시장을 중심으로 준비하는 아침,https://blog.naver.com/hzaphoqz/224428030457
2026-10-06T20:05:24+00:00,복재성,10,블로그,복재성 이 바라보는 2026년 하반기 부동산 시장,https://blog.naver.com/eay356b2/224411002946
2026-10-06T20:05:24+00:00,복재성,11,블로그,복재성 이 생각하는 환율 변화에서 기회를 찾는 방법,https://blog.naver.com/e29glxb6/224408277373
2026-10-06T20:05:24+00:00,복재성,12,블로그,복재성 이 바라보는 부동산과 주식의 투자 매력도,https://blog.naver.com/ec0h05bd/224411018882
2026-10-06T20:05:24+00:00,복재성,13,블로그,복재성 이 바라보는 가상자산 시장의 새로운 흐름,https://blog.naver.com/eelbwimj/224412269945
2026-10-06T20:05:24+00:00,복재성,14,블로그,복재성 이라면 서울 아파트 지금 매수할까?,https://blog.naver.com/eazty4zx/224411005905
2026-10-07T00:29:28+00:00,복재성,1,블로그,복재성 은 지금 저평가 종목을 어떤 기준으로 찾았을까,https://blog.naver.com/saker000/224429561476
2026-10-07T00:29:28+00:00,복재성,2,블로그,복재성 을 계기로 살펴본 주식시장 흔들리는 장세 속 기회는 어디에 있을까,https://blog.naver.com/josegimkorea/224429562175
2026-10-07T00:29:28+00:00,복재성,3,블로그,복재성 검색하다 궁금해진 배당주 지금 다시 주목할 때일까,https://blog.naver.com/dururui/224429560476
2026-10-07T00:29:28+00:00,복재성,4,카페,복재성 의 투자 철학 환율보다 자금의 흐름을 먼저 본 이유,https://cafe.naver.com/cantsb/3326740
2026-10-07T00:29:28+00:00,복재성,5,카페,복재성 조선 업종을 바라보는 방식,https://cafe.naver.com/move79/6096819
2026-10-07T00:29:28+00:00,복재성,6,블로그,복재성 떠올리며 짚어본 투자 고민 대형주보다 소형주가 끌리는 이유는,https://blog.naver.com/dhlthd9773/224429561139
2026-10-07T00:29:28+00:00,복재성,7,블로그,복재성 코사무이 여행 숙소 주변에서 하루를 보내는 휴양 계획,https://blog.naver.com/i0i8uchu/224428045577
2026-10-07T00:29:28+00:00,복재성,8,블로그,복재성 수코타이 여행 역사공원을 천천히 둘러보는 방법,https://blog.naver.com/i06t2nhpz/224428038279
2026-10-07T00:29:28+00:00,복재성,9,블로그,복재성 깐토 여행 메콩강 수상시장을 중심으로 준비하는 아침,https://blog.naver.com/hzaphoqz/224428030457
2026-10-07T00:29:28+00:00,복재성,10,블로그,복재성 이 바라보는 2026년 하반기 부동산 시장,https://blog.naver.com/eay356b2/224411002946
2026-10-07T00:29:28+00:00,복재성,11,블로그,복재성 이 생각하는 환율 변화에서 기회를 찾는 방법,https://blog.naver.com/e29glxb6/224408277373
2026-10-07T00:29:28+00:00,복재성,12,블로그,복재성 이 바라보는 부동산과 주식의 투자 매력도,https://blog.naver.com/ec0h05bd/224411018882
2026-10-07T00:29:28+00:00,복재성,13,블로그,복재성 이라면 서울 아파트 지금 매수할까?,https://blog.naver.com/eazty4zx/224411005905
2026-10-07T00:29:28+00:00,복재성,14,블로그,복재성 이 바라보는 가상자산 시장의 새로운 흐름,https://blog.naver.com/eelbwimj/224412269945
2026-10-07T07:00:15+00:00,복재성,1,블로그,복재성 은 지금 저평가 종목을 어떤 기준으로 찾았을까,https://blog.naver.com/saker000/224429561476
2026-10-07T07:00:15+00:00,복재성,2,블로그,복재성 을 계기로 살펴본 주식시장 흔들리는 장세 속 기회는 어디에 있을까,https://blog.naver.com/josegimkorea/224429562175
2026-10-07T07:00:15+00:00,복재성,3,블로그,복재성 검색하다 궁금해진 배당주 지금 다시 주목할 때일까,https://blog.naver.com/dururui/224429560476
2026-10-07T07:00:15+00:00,복재성,4,카페,복재성 조선 업종을 바라보는 방식,https://cafe.naver.com/move79/6096819
2026-10-07T07:00:15+00:00,복재성,5,카페,복재성 의 투자 철학 환율보다 자금의 흐름을 먼저 본 이유,https://cafe.naver.com/cantsb/3326740
2026-10-07T07:00:15+00:00,복재성,6,블로그,복재성 떠올리며 짚어본 투자 고민 대형주보다 소형주가 끌리는 이유는,https://blog.naver.com/dhlthd9773/224429561139
2026-10-07T07:00:15+00:00,복재성,7,블로그,복재성 수코타이 여행 역사공원을 천천히 둘러보는 방법,https://blog.naver.com/i06t2nhpz/224428038279
2026-10-07T07:00:15+00:00,복재성,8,블로그,복재성 깐토 여행 메콩강 수상시장을 중심으로 준비하는 아침,https://blog.naver.com/hzaphoqz/224428030457
2026-10-07T07:00:15+00:00,복재성,9,블로그,복재성 이 바라보는 2026년 하반기 부동산 시장,https://blog.naver.com/eay356b2/224411002946
2026-10-07T07:00:15+00:00,복재성,10,블로그,복재성 이라면 지금 비트코인을 포트폴리오에 넣을까?,https://blog.naver.com/eeih2suk1e/224412269293
2026-10-07T07:00:15+00:00,복재성,11,블로그,복재성 이 생각하는 환율 변화에서 기회를 찾는 방법,https://blog.naver.com/e29glxb6/224408277373
2026-10-07T07:00:15+00:00,복재성,12,블로그,복재성 이 바라보는 부동산과 주식의 투자 매력도,https://blog.naver.com/ec0h05bd/224411018882
2026-10-07T07:00:15+00:00,복재성,13,블로그,복재성 이 바라보는 가상자산 시장의 새로운 흐름,https://blog.naver.com/eelbwimj/224412269945
2026-10-07T07:00:15+00:00,복재성,14,블로그,복재성 이라면 반도체주에서 어떤 기회를 찾을까,https://blog.naver.com/ekymaro39/224413483419
2026-10-07T15:20:49+00:00,복재성,1,카페,복재성 조선 업종을 바라보는 방식,https://cafe.naver.com/move79/6096819
2026-10-07T15:20:49+00:00,복재성,2,카페,복재성 의 투자 철학 환율보다 자금의 흐름을 먼저 본 이유,https://cafe.naver.com/cantsb/3326740
2026-10-07T15:20:49+00:00,복재성,3,블로그,복재성 은 지금 저평가 종목을 어떤 기준으로 찾았을까,https://blog.naver.com/saker000/224429561476
2026-10-07T15:20:49+00:00,복재성,4,블로그,복재성 을 계기로 살펴본 주식시장 흔들리는 장세 속 기회는 어디에 있을까,https://blog.naver.com/josegimkorea/224429562175
2026-10-07T15:20:49+00:00,복재성,5,블로그,복재성 검색하다 궁금해진 배당주 지금 다시 주목할 때일까,https://blog.naver.com/dururui/224429560476
2026-10-07T15:20:49+00:00,복재성,6,블로그,복재성 코사무이 여행 숙소 주변에서 하루를 보내는 휴양 계획,https://blog.naver.com/i0i8uchu/224428045577
2026-10-07T15:20:49+00:00,복재성,7,블로그,복재성 수코타이 여행 역사공원을 천천히 둘러보는 방법,https://blog.naver.com/i06t2nhpz/224428038279
2026-10-07T15:20:49+00:00,복재성,8,블로그,복재성 떠올리며 짚어본 투자 고민 대형주보다 소형주가 끌리는 이유는,https://blog.naver.com/dhlthd9773/224429561139
2026-10-07T15:20:49+00:00,복재성,9,블로그,복재성 깐토 여행 메콩강 수상시장을 중심으로 준비하는 아침,https://blog.naver.com/hzaphoqz/224428030457
2026-10-07T15:20:49+00:00,복재성,10,블로그,복재성 이 바라보는 2026년 하반기 부동산 시장,https://blog.naver.com/eay356b2/224411002946
2026-10-07T15:20:49+00:00,복재성,11,블로그,복재성 이 바라보는 부동산과 주식의 투자 매력도,https://blog.naver.com/ec0h05bd/224411018882
2026-10-07T15:20:49+00:00,복재성,12,블로그,복재성 이 생각하는 환율 변화에서 기회를 찾는 방법,https://blog.naver.com/e29glxb6/224408277373
2026-10-07T15:20:49+00:00,복재성,13,블로그,복재성 이 바라보는 가상자산 시장의 새로운 흐름,https://blog.naver.com/eelbwimj/224412269945
2026-10-07T15:20:49+00:00,복재성,14,블로그,복재성 이라면 반도체주에서 어떤 기회를 찾을까,https://blog.naver.com/ekymaro39/224413483419
